Class,Num_Files,Total_Duration,Avg_Duration,Min_Duration,Max_Duration
phonationA,272,3719.2195,13.6736011,3,36.68
phonationE,272,3453.0195,12.69492463,2.12,38.64
phonationI,272,3651.3495,13.42407904,2.08,41.28
phonationO,272,3673.5295,13.50562316,1.48,40.8
phonationU,272,3671.1095,13.4967261,1.72,39.44
rhythmKA,272,3569.6795,13.12382169,0.72,47.12
rhythmPA,272,4226.4195,15.53830699,2.32,47.88
rhythmTA,272,4104.8695,15.09143199,2.48,48.24
